physical_page,render_file,bytes,sha256,visual_status,retained_after_qa
545,page-545.png,90372,25ebf76d232aee2f76aabf219e467093cdaf05f05cdf2400f9156548eba2b924,PASS,false
546,page-546.png,312908,dad2b11ee1dfbea2702bc19c53f89540fc993ecf18e6a33a9d0a04eb20cd20be,PASS,false
547,page-547.png,266192,00dd44cc1fd282dac8434e7e1c8098cf2702e5607af1552a90ec951f33c5b5f9,PASS,false
548,page-548.png,365224,25491fff546f84f88840d6a79599737b1156698bab4c7bc29d79f02aec1c6f5e,PASS,false
549,page-549.png,230646,ae83f9f0fac5d19bde9bef2384fd4229cde540ed57e963717017a62f8bf86aa8,PASS,false
550,page-550.png,310880,417c7ff734b2898e1553e1cfed1490aa65355b6646afc0c714f5d828ceec9c24,PASS,false
551,page-551.png,255986,7cd2f8d583f9a6a662980c2277ec4752dca1f8174c41632a29c6422a5b1df8f2,PASS,false
552,page-552.png,281286,18c6765356f4489756ef83180dc34e74114101cba150005410cd7be72023f151,PASS,false
553,page-553.png,290129,fd5226d1da95e2d5c4d2959100e625fbfa518a0892f4e95e8446a9f40ce08e36,PASS,false
554,page-554.png,316380,9255d1173085fa9d39223e8c983e10c784f795b7fe955983f9a24ce5a615d5ad,PASS,false
555,page-555.png,355830,6a8470183ffe686117d456a003fcd41a82400008639ed3a7a270dd13697e6ca4,PASS,false
556,page-556.png,335252,a60113aa6fb6e5b26a73c9c50aa9efc20c09abff915cd3e985c6a132ffef62ae,PASS,false
557,page-557.png,406657,0b73d163922442bdcc521dcaf9c1aa63fceb666d90c740857941a526ab47137f,PASS,false
558,page-558.png,48088,8e04439af94b63d795530de3cd9a536fc1c7027805bfaac89fa03b2415a9cf65,PASS,false
