role,page,path,bytes,sha256,width_px,height_px,status
contact_sheet,377-382,tmp/pdfs/roberts-001-030-fomberg-001-003-visual/contact-1.png,3566619,6f8b34197f6115a2bda4ffbd1533ab97b27a98b74042951ac17dc1b08f4c658c,1448,3042,PASS
contact_sheet,383-388,tmp/pdfs/roberts-001-030-fomberg-001-003-visual/contact-2.png,4072039,24026c81318a279a7e30f94837efad3a48328df1aec93a3a5690722d5bde1176,1448,3042,PASS
contact_sheet,389-394,tmp/pdfs/roberts-001-030-fomberg-001-003-visual/contact-3.png,4038811,a8f7c6435936f4ac0cf0701a5c7040260dadb7e18d0d3d32a31a3c264214dff1,1448,3042,PASS
contact_sheet,395-397,tmp/pdfs/roberts-001-030-fomberg-001-003-visual/contact-4.png,760262,fe888ed7d516e621c523dab699b420e8edda4835245c46ddc43cdac524bb4be9,1448,2028,PASS
fomberg_unit003,377,tmp/pdfs/roberts-001-030-fomberg-001-003-visual/page-377.png,226566,3a043645e2be3ff8c70887ab52fc02c9b146c104511df06ccad1b8eedfec4b8f,993,1404,PASS
fomberg_unit003,378,tmp/pdfs/roberts-001-030-fomberg-001-003-visual/page-378.png,218793,e38d8bdb8f19ddc2014cf985a3bdc84c0ad0ec39159755042c75765b93709e9b,993,1404,PASS
fomberg_unit003,379,tmp/pdfs/roberts-001-030-fomberg-001-003-visual/page-379.png,193243,919c5d111b114a515b952565aac3b8b0365bb80b239b10b5d74cb7b5fe51fc65,993,1404,PASS
fomberg_unit003,380,tmp/pdfs/roberts-001-030-fomberg-001-003-visual/page-380.png,154213,ead16926d552db0dbc8e15d36d8316839e44824582c8f63ddcac500033cea774,993,1404,PASS
fomberg_unit003,381,tmp/pdfs/roberts-001-030-fomberg-001-003-visual/page-381.png,132507,d6d0512063511b6880fdc7c7631b19ed95270077f58e046f866a587ae8cde6f7,993,1404,PASS
fomberg_unit003,382,tmp/pdfs/roberts-001-030-fomberg-001-003-visual/page-382.png,256643,4c1c104d852f3bd147b84cb2b7002cae86b8d71aee894e8151ddf3f9730f958c,993,1404,PASS
fomberg_unit003,383,tmp/pdfs/roberts-001-030-fomberg-001-003-visual/page-383.png,182732,f0d14fbb54d501333f28c6fd2eda6439bd9f39e7ebfe3fe68670942a35df29ae,993,1404,PASS
fomberg_unit003,384,tmp/pdfs/roberts-001-030-fomberg-001-003-visual/page-384.png,383020,a8b0345efdd0746fc01e454f727eb3892f3076c4ffc2fd3931870855e7cd4908,993,1404,PASS
fomberg_unit003,385,tmp/pdfs/roberts-001-030-fomberg-001-003-visual/page-385.png,207868,661dce835a3b24a16d63a32be858592109486934d81f21fbfab18939d19cb7bf,993,1404,PASS
fomberg_unit003,386,tmp/pdfs/roberts-001-030-fomberg-001-003-visual/page-386.png,202931,9874f7aaf331287539cf530fbde33acec1fc0554876996ea79f4dce67e1a8e0f,993,1404,PASS
fomberg_unit003,387,tmp/pdfs/roberts-001-030-fomberg-001-003-visual/page-387.png,107943,f7fff8905b99f8e08c8df9b6a6f84abfea7570341eb76a1ad8e1a6594be93840,993,1404,PASS
fomberg_unit003,388,tmp/pdfs/roberts-001-030-fomberg-001-003-visual/page-388.png,251427,6c1c675a25e641d01e5f07fcc579d5afbbb80c9f973015a4093c832e7d0ad1fe,993,1404,PASS
fomberg_unit003,389,tmp/pdfs/roberts-001-030-fomberg-001-003-visual/page-389.png,204684,3ef4c49e08bff42aeee98787ac1cae98d0c21e2ee405cd566c52e2fc4e69e16d,993,1404,PASS
fomberg_unit003,390,tmp/pdfs/roberts-001-030-fomberg-001-003-visual/page-390.png,167693,af31f5ed07b86a80c180b94f21fed22b4d3b39164764b75f1aee5d72a1cb5796,993,1404,PASS
fomberg_unit003,391,tmp/pdfs/roberts-001-030-fomberg-001-003-visual/page-391.png,195493,47ef1d2c19a8d3f2d62cd70341cafacf465d1cd763914325ec0f5541fe7caa04,993,1404,PASS
fomberg_unit003,392,tmp/pdfs/roberts-001-030-fomberg-001-003-visual/page-392.png,272876,f86ebffc7f9eacbffa5a45eae264e74f6743804223d504c108dcccf09ac0d542,993,1404,PASS
fomberg_unit003,393,tmp/pdfs/roberts-001-030-fomberg-001-003-visual/page-393.png,281168,9c028c51e735184aaa90514f6757a6451c0f3e656890ccfb0311bc174f7cc20a,993,1404,PASS
fomberg_unit003,394,tmp/pdfs/roberts-001-030-fomberg-001-003-visual/page-394.png,200831,e5d26a17740c20496d5a3cbdc035dab1896edd29a046be3779d59394311b43ba,993,1404,PASS
fomberg_unit003,395,tmp/pdfs/roberts-001-030-fomberg-001-003-visual/page-395.png,205387,ee1aa1a9c38dc3ec9387bf940635d1027b00f73c7a8bf99f44600de82ca56a7e,993,1404,PASS
fomberg_unit003,396,tmp/pdfs/roberts-001-030-fomberg-001-003-visual/page-396.png,214839,39d92e1536d0880cc6e1607446f1086b5886f3dd96879ece5aa31ba7326a2165,993,1404,PASS
fomberg_unit003,397,tmp/pdfs/roberts-001-030-fomberg-001-003-visual/page-397.png,226766,fcc0586e7c46307ab6fad6d61e394394855c1ce74a541afe042b694531cdc343,993,1404,PASS
