page,png_path,bytes,sha256,width_px,height_px,render_dpi
1,tmp/pdfs/roberts-001-030-fomberg-001-repaired/page-001.png,182466,870acbd6dcdb371fc3b0aa110479082d759f9c85967c8c15aa1f66572923c61d,1191,1684,144
9,tmp/pdfs/roberts-001-030-fomberg-001-repaired/page-009.png,347322,86f48be3a1175e2d1b26591517cdb098ce021712b46164e4ea1f808f66216835,1191,1684,144
13,tmp/pdfs/roberts-001-030-fomberg-001-repaired/page-013.png,336676,774a99c9a838e5a195d551bd8308ddd97ccb12f3278945144ca9c43a8b23b438,1191,1684,144
351,tmp/pdfs/roberts-001-030-fomberg-001-repaired/page-351.png,280063,baee80a4b804b55e08676029d2d5807aa3d0e88058aec82503549088817fb6c5,1191,1684,144
352,tmp/pdfs/roberts-001-030-fomberg-001-repaired/page-352.png,311370,daad007ac86e247a6953204b22f82758f276819f7f3da5ceed9c225bac27f7fa,1191,1684,144
353,tmp/pdfs/roberts-001-030-fomberg-001-repaired/page-353.png,228007,f769f4b77211cd84c386d860b2dd26a68037ef86935daffa72b7a7ea3e18f9cd,1191,1684,144
354,tmp/pdfs/roberts-001-030-fomberg-001-repaired/page-354.png,273969,2f9abcfeea53d13873149037158a624aee70e46837fdb9cfcf38254df84fcd12,1191,1684,144
355,tmp/pdfs/roberts-001-030-fomberg-001-repaired/page-355.png,322980,a58e325e8416689242dd52921df3538c206daba52fb4b04b3ed59109509c402b,1191,1684,144
356,tmp/pdfs/roberts-001-030-fomberg-001-repaired/page-356.png,315176,07d220ccf8ceea8ba5907fc2b618b37fe7a6fd3ae1c6deee7c59284ce4cc6251,1191,1684,144
357,tmp/pdfs/roberts-001-030-fomberg-001-repaired/page-357.png,250734,2a3d5ae593d750381ba77a6a8abce49e6facadea37410171be5fb334177718f3,1191,1684,144
358,tmp/pdfs/roberts-001-030-fomberg-001-repaired/page-358.png,255260,c9032051c041d89ba0146fd65feb9ea77b77d758154ec93e26d488c368f5891e,1191,1684,144
359,tmp/pdfs/roberts-001-030-fomberg-001-repaired/page-359.png,214488,cd183f6f992489066fc499e5d2733ab9d06cd3c199bcc7677c05c9c612453dd9,1191,1684,144
360,tmp/pdfs/roberts-001-030-fomberg-001-repaired/page-360.png,279504,092cd70a31fb1c8337fad1e0431f9d894fc5c76a00f5f5a08ed459affcde633e,1191,1684,144
361,tmp/pdfs/roberts-001-030-fomberg-001-repaired/page-361.png,294551,f508762b4111f2eaa4553cf01a035a244228715857b38007577c0b6448557717,1191,1684,144
362,tmp/pdfs/roberts-001-030-fomberg-001-repaired/page-362.png,187402,b226c461824f767d04070e60d956d7e3f123944ea3f4a50cb0c2d7dabde18565,1191,1684,144
