page,path,bytes,sha256
1,tmp/pdfs/units-001-019-visual/page-001.png,125467,4e513ecea93883a5ffbb5989d3ac5faf952c152f40ab09557c701d6d15c23437
2,tmp/pdfs/units-001-019-visual/page-002.png,156217,63f030e1ca971b7d15d2dd432c5c77006c4d46c6a1ebc52a2e1223b9e715c6ef
3,tmp/pdfs/units-001-019-visual/page-003.png,165981,63d63a84e1080fbea1e7db633f8b88f7b3c05e29718e3a663ac3236ef29d8d37
4,tmp/pdfs/units-001-019-visual/page-004.png,175971,ee6cbeb9d98a6d63b898fe251ccbcb1eb0f886d8e103b926bac5897e3c5931a0
5,tmp/pdfs/units-001-019-visual/page-005.png,174424,20b2a23274a3c9de0eb93ad5bf2b4a12092e5b6e930f8b568455a343376e1fc4
6,tmp/pdfs/units-001-019-visual/page-006.png,221474,854c54e98f3ac05b44930bed70fea207e3b38eb0c2d53ea330a9446a2a0d1df2
7,tmp/pdfs/units-001-019-visual/page-007.png,241615,42333eb4acd56abe14589b470707b46202b20875289eec5724a3688e4a04fd4e
8,tmp/pdfs/units-001-019-visual/page-008.png,320498,b2a3ca64ac0aa7e5af13ecda446a6655632a70a703998916152f8a8d73a0ab99
9,tmp/pdfs/units-001-019-visual/page-009.png,266442,1f8e183f2c9a31797d0eb5a7ab48da94d12f94fb531d08fc8cee7d5106923b23
10,tmp/pdfs/units-001-019-visual/page-010.png,254657,4b61ff8ed991258fb812f26ee6d47c426a6ded49f04db449fdb508b6a64792c6
11,tmp/pdfs/units-001-019-visual/page-011.png,247658,3173d1807b3d3ced1d876c48988e30ec6f4116860ad5f14e55fa757e4532a913
12,tmp/pdfs/units-001-019-visual/page-012.png,222197,ad7d31428fab3e04ab018f6729bc8b8378a49898f7238ffd58c8eccfddb26842
13,tmp/pdfs/units-001-019-visual/page-013.png,184511,0a18016526f59ccc5236d755e070502a1cd9c9c5681697503b9a24f00ee7b152
14,tmp/pdfs/units-001-019-visual/page-014.png,182181,df4e55b7ee1ada0287995bcb2a046fffea3a0f5e31b9c7b52fd33998f336138b
15,tmp/pdfs/units-001-019-visual/page-015.png,185871,11074a59fe48b8dd7486c4077dfed9a5d72a5850154e039eea5ccc29aed96fa3
16,tmp/pdfs/units-001-019-visual/page-016.png,220817,6a747114159af2af6b335f83cdb16b745593f6f1f9e998917b648f40d87631a5
17,tmp/pdfs/units-001-019-visual/page-017.png,173318,b93dbb45db211dc80e84ffc1858f80a73a0dcbee1fdde4ee6e5f0767c88c37bb
18,tmp/pdfs/units-001-019-visual/page-018.png,173183,f46779039de92ac74be626054b6018e0de8111622411f5bf9003fcb2847c6a56
19,tmp/pdfs/units-001-019-visual/page-019.png,123897,a2003bee06738f543417e0c9b8771eae59a75b3a61bb8b3d46479ed37ad24c50
20,tmp/pdfs/units-001-019-visual/page-020.png,267508,00cb7f6debdd939a69c377aee41ee27f266fef138af97ef7fad3a22cd13185bf
21,tmp/pdfs/units-001-019-visual/page-021.png,200715,70cfe28de29f426d5018e7ce4893b67de8dcdfbeaa6ced43a91af118662e1c8e
22,tmp/pdfs/units-001-019-visual/page-022.png,188481,9e0b82e9ce1e1b7bc630f8cba48632cb46172043d3c6b20376fc420fd1104ff3
23,tmp/pdfs/units-001-019-visual/page-023.png,259181,dbd80fce15bef480e13127f517ad79aa97e774c2362315afd025c07857366ad5
24,tmp/pdfs/units-001-019-visual/page-024.png,226624,e26784129e2f52114ce82ea8dbec5613d70f83ab68b4a36be8718be3c93d41b4
25,tmp/pdfs/units-001-019-visual/page-025.png,212181,4e1f387621353b8fb34024ecff853fde4a7240bed0cc2764dc2baa3e9338aa15
26,tmp/pdfs/units-001-019-visual/page-026.png,166194,f14804e82f68bc42db2dc9dd33e6247aa51b6bbcc40087c82649a4e07c2d2755
27,tmp/pdfs/units-001-019-visual/page-027.png,216987,3c8be685afe47713ce226d6a2a6b4c82184a6ea8870e92489f86669cc1fda3f3
28,tmp/pdfs/units-001-019-visual/page-028.png,170743,0960c7c62b3c9a344047025e7b6efe659e6855f724a88fb2c9d0f5548408b0d6
29,tmp/pdfs/units-001-019-visual/page-029.png,230787,1111be48a71e8e64097aea72438c5a7f9a0dd7e35d2f9f1ffff6e927b85cd445
30,tmp/pdfs/units-001-019-visual/page-030.png,184816,a8e2e51a2c8e87dfe980e56eda4f65e5adb219aba80942c9951ea225a68f89f7
31,tmp/pdfs/units-001-019-visual/page-031.png,166665,697a00433236ec855a1b8f44dadee4f888bd9ab13e7dba3aa0ead63fe1a17e38
32,tmp/pdfs/units-001-019-visual/page-032.png,175674,29d06285d1e72972c7b7519689a461f5bd0af9395737ab54345a8bdd5a44f96c
33,tmp/pdfs/units-001-019-visual/page-033.png,250758,e9aea75d38b7d8ad4cbace4477f9fbe96b46b5bb14d0d330b73615c1c599fcd4
34,tmp/pdfs/units-001-019-visual/page-034.png,194326,f69027d39c945f9f50be75d6bc89a39522c6437c0b2bdca9e37cf08fc41db85a
35,tmp/pdfs/units-001-019-visual/page-035.png,144429,eb1c40063db96fa6a45d6876af3fdcc5a6fa959b776ff243c8d6bd29be22fb4a
36,tmp/pdfs/units-001-019-visual/page-036.png,185295,f3a4c6ac4dd60f179f7d307d37cdd9a031d044377b1ad5c4226f73a300aca8ae
37,tmp/pdfs/units-001-019-visual/page-037.png,159828,f52b0dfab3dac9d198acc36524a676d07a98a215efa267a690c82c633189e1eb
38,tmp/pdfs/units-001-019-visual/page-038.png,208363,aea1f6d0e1bf682c77ce6f4f56098f2b88654e6957155ce236867e34c73b6a6d
39,tmp/pdfs/units-001-019-visual/page-039.png,239323,c48a8b178035ab315a22fcc453e23bc8999add3ed1800b5ca5e389a37264f78d
40,tmp/pdfs/units-001-019-visual/page-040.png,260881,4a55ec1359383e351051c9acc72e4a984669892e5561f65ed24959dd9f756611
41,tmp/pdfs/units-001-019-visual/page-041.png,172316,b588f1946c5ec82190319dcfe8af873b800d11672f92e20326c37321576a78db
42,tmp/pdfs/units-001-019-visual/page-042.png,155759,285f8decb5a3b772358e9db624daabb119789f8fc8dd2698b6ab9e74d470b4d4
43,tmp/pdfs/units-001-019-visual/page-043.png,131749,97b84c9534ca1f120a7364fed5d04d0c3486e244730764137517655f383a329d
44,tmp/pdfs/units-001-019-visual/page-044.png,128207,76f6aa9a49353e517e14b596afd74f1e15dcd8c8f10ac425ba6d0f80ae653bea
45,tmp/pdfs/units-001-019-visual/page-045.png,187777,a8830f255341b2e489dfb7e486e1e930be46fb52957b04a56c15c9c6831b7cee
46,tmp/pdfs/units-001-019-visual/page-046.png,154665,a58efcef5c982e1a35c2fd8265519ab910be163577ff82968e0f9d8e3fb02c9d
47,tmp/pdfs/units-001-019-visual/page-047.png,148482,65c68d025fda363ec42cd6b39984fcf712d25fb04e5c4595f409b5ebd6817065
48,tmp/pdfs/units-001-019-visual/page-048.png,241404,c950b45b33800478d32eb3dfd9c8c747f4f6830573f81fc6190a34e5e13012a6
49,tmp/pdfs/units-001-019-visual/page-049.png,135072,e7192ac90fdb87670116c93270f10f495d78340f52f856da8ff0cf0cf7008215
50,tmp/pdfs/units-001-019-visual/page-050.png,187921,df4427e69dd6023ad47432c8e22c57093d71d2380b6e05dbe5e8f7b71a291325
51,tmp/pdfs/units-001-019-visual/page-051.png,154761,1ec6f81f342dd391a7fea1fae1202eb5e5b9c97e9940c1884dec44627bd57265
52,tmp/pdfs/units-001-019-visual/page-052.png,173753,fce6746f34af1e73f1374c3c703339d9f9595d13f2efe379defa0d160c755da9
53,tmp/pdfs/units-001-019-visual/page-053.png,127220,f9cb8ae0e77cadb5029da72c5c5e16ecbc6fa5b97c21784afe16ed4ad2c46231
54,tmp/pdfs/units-001-019-visual/page-054.png,146178,2b6df4ab0bf772533c22a8e73e8a9548e26439028d13b6d9ee49376b7cf2a089
55,tmp/pdfs/units-001-019-visual/page-055.png,230303,2a888737336688568a1740ee9c86b1e0c92b482b6225ea05cedc369fad00040c
56,tmp/pdfs/units-001-019-visual/page-056.png,226276,9592dc20b205c9fe8b93a50c83eddece7397b6978f36dc847560e9345862d679
57,tmp/pdfs/units-001-019-visual/page-057.png,190786,d5ba2366505a0ec3bdeec316cebab2427093b31244759009da3206bd3000313e
58,tmp/pdfs/units-001-019-visual/page-058.png,190081,dee612c6996bf200d04e79e686a53086e8eecbfba92b22d077acecdcdec876e1
59,tmp/pdfs/units-001-019-visual/page-059.png,226171,1b80872523c2ebe162b3ea86fd03b6bd6d9c8ed6667ed9b7c37ad393d0625114
60,tmp/pdfs/units-001-019-visual/page-060.png,217733,4a3c2ab23a6c94b466bcab68b7faae5e1517ee3c988684cd9982ce48a7bf83d6
61,tmp/pdfs/units-001-019-visual/page-061.png,223347,64643ee9766f8ff8d211b7917e32eea70474107267d632a24ccdaf8571f1c069
62,tmp/pdfs/units-001-019-visual/page-062.png,135099,f79527ef078ed77124e9f7fc0db8232bc6ceafd34843bf5623b93ae78c0b5e73
63,tmp/pdfs/units-001-019-visual/page-063.png,109047,b19e488e35ac3619144b76a007fb576e587cfafcfa6fbd6dff028f2275b2a666
64,tmp/pdfs/units-001-019-visual/page-064.png,154028,a7a9b1fa8179b917193da8b9da975a9e9fc8b0e4951ad6284241a0f402c870e3
65,tmp/pdfs/units-001-019-visual/page-065.png,160939,d303bf533520b673d7dcbf89f8332094dfd628fe40b0e55d6e0ae0eadc54fd30
66,tmp/pdfs/units-001-019-visual/page-066.png,191899,467cf18037c8c6cef39d4b5bd4a21f97ddea9a2075dd90e3f39cb16f09bf9179
67,tmp/pdfs/units-001-019-visual/page-067.png,124417,9666608c285fce10c2d53f8ac8b82cd4796bf57416f4b77a9ec8605b70d85887
68,tmp/pdfs/units-001-019-visual/page-068.png,146883,dd76b7fb9bd5e747c2e2dd02c236d8f307f9be39ee4d39ba17b20b3792305df8
69,tmp/pdfs/units-001-019-visual/page-069.png,176076,c25819be0c531d5e02f80b1d3d68bc195890522d92166a2a1de5a6dc2e525723
70,tmp/pdfs/units-001-019-visual/page-070.png,284912,07d68875c8b1ed8ad2e0460a7484a19e468b88dfd3b8074b710a8bc620d721de
71,tmp/pdfs/units-001-019-visual/page-071.png,192145,62055a64f91ffaaa2834aa74fae06e3f2bffdaebbe78871e156052dbd0fbcecd
72,tmp/pdfs/units-001-019-visual/page-072.png,168036,fc1816ff5ab70c47ccd912a3338ecd70119ea04feb7f976abc7d0c1d2214cfc8
73,tmp/pdfs/units-001-019-visual/page-073.png,183941,d16b51adcd6313d2bf766e4b42475a0abb2c0b8b82cccc863849aaf270af945d
74,tmp/pdfs/units-001-019-visual/page-074.png,161804,20f0fcc281ed1e89c93d67bea76611bbfefc288c6031d6e0adada270de529025
75,tmp/pdfs/units-001-019-visual/page-075.png,177113,ea2458fc8359442a5941b3e0da63eb7472d4fade1596ebc3162b898bb3a33d63
76,tmp/pdfs/units-001-019-visual/page-076.png,170641,b4c6566cfacab21a6d415b81686d15680d0e56b133ba5871072e7daca51c3a07
77,tmp/pdfs/units-001-019-visual/page-077.png,196005,61fddf5291cb9c4e95aaf368d008f312ba3918c333f4e9ad1c5a2a219f62d690
78,tmp/pdfs/units-001-019-visual/page-078.png,199696,6f10242e7b00ab18c8413c3ab2f816fbb1cf92edfc80587a41858478cb9de9fa
79,tmp/pdfs/units-001-019-visual/page-079.png,200762,f96715dc26131ca89ebbde36bc7796171f837679588757f9aacff384bc881c1c
80,tmp/pdfs/units-001-019-visual/page-080.png,179119,ba66fb9866a381db0faf2ff118b40edff4f311c7d56aac65a624b44eef26bc84
81,tmp/pdfs/units-001-019-visual/page-081.png,252742,e31a886613cf616d839989ef687e2a476f23bb85d0e1ee074665eab61dd4ba49
82,tmp/pdfs/units-001-019-visual/page-082.png,198608,d1aced32358b0631781e13abae3d5a34626ae09570faa6d0d8013b8ba34ada02
83,tmp/pdfs/units-001-019-visual/page-083.png,141983,cfc106302108ca939addc26dfc497d468351236de2d87a2f44de1f92df60a9ce
84,tmp/pdfs/units-001-019-visual/page-084.png,152756,84ca29bf326e4a1f7433fccd62f7ac84c38e735a38e447ec6a3871c14974d2dc
85,tmp/pdfs/units-001-019-visual/page-085.png,208735,93798a518a26d4465ea40b8706ae18f58f02c35bc995f80c74f934ea2934dd62
86,tmp/pdfs/units-001-019-visual/page-086.png,153023,e0e772d73f7970c8fbb4d1c83c70fc3273c8faba7244fc4e68b1a6771c8c8c1f
87,tmp/pdfs/units-001-019-visual/page-087.png,151829,043ebb792706fdf22dcf63371c7c4af8e0e3972ecff98e173a18aee20e2a47cb
88,tmp/pdfs/units-001-019-visual/page-088.png,163188,81bb4bd399892f3fae6d142ca8aeb35c74d4ef693e39164590d745dae316e3be
89,tmp/pdfs/units-001-019-visual/page-089.png,184804,d214c93eda05234cebda1187c83dddd819618b3b1120c1cab0dcca429c447cfe
90,tmp/pdfs/units-001-019-visual/page-090.png,163603,b5fd5ac851f5322c38ed6875ca3934eff5e0a0bf4c8d968c972ec4c34e4329ca
91,tmp/pdfs/units-001-019-visual/page-091.png,151848,25ceee206d38c8f5eabb8f5c7034e622a6e9b6f3849b44f0a527db5d69ee02a3
92,tmp/pdfs/units-001-019-visual/page-092.png,309389,21e309f92fb1e56a9f61f971898d725cdf50ce4af952d71c5b2b350f7bc4a079
93,tmp/pdfs/units-001-019-visual/page-093.png,140745,cf9018dff2b14b7a7ed032488990370e801e65a90562076da6baee544f49e6af
94,tmp/pdfs/units-001-019-visual/page-094.png,164890,6e6769c38e40f5c885b4dc540f858115005f9653aa68388d85047041b052f6c1
95,tmp/pdfs/units-001-019-visual/page-095.png,161262,ee29fcd531ddfc860273a3d9ef05b987a4d7c66061b43867ca7d7bea168cdd6e
96,tmp/pdfs/units-001-019-visual/page-096.png,158084,6ec13346c8423d1cb8ed410b426739882fcf38741a8f68df5bfa09284e067f9c
97,tmp/pdfs/units-001-019-visual/page-097.png,135773,7cd635be3b527601b7ddc035ee68d5c0066cf65f880d79d7730ecdabe9a43510
98,tmp/pdfs/units-001-019-visual/page-098.png,146240,2a1f934b30e591458dc0032a5ebdb824bbb9434f0f70a8044e4502cb0ec81a0c
99,tmp/pdfs/units-001-019-visual/page-099.png,166803,5a1751a6d750bf8109bedc0324c88519fd1eb879d29a4162d0a017ede2158527
100,tmp/pdfs/units-001-019-visual/page-100.png,215092,f285da95ddf81b12ae09cd91b89d2fbc983b6760c1661fc61da843d9bb30b1a2
101,tmp/pdfs/units-001-019-visual/page-101.png,192320,46fad4bab210deae5b7165dcc7ebf3af4ae600dcb5e156cd2d2e0f6a2506a5a0
102,tmp/pdfs/units-001-019-visual/page-102.png,264771,0ae8f0bbcc614ac78faf15f40091b5500d75a4de47786d07351af498322a9d81
103,tmp/pdfs/units-001-019-visual/page-103.png,229413,037e1f7af9c0d18b2a985105dd95893bd0990b43b7aa6b41f8d90dda9a7dc038
104,tmp/pdfs/units-001-019-visual/page-104.png,134439,3515f7f6cd683708f714b0a64722e912749873e421d43a08409d88c5de86f886
105,tmp/pdfs/units-001-019-visual/page-105.png,178368,d1cfc2cd4c02a7753d808adda0172f3d5db6337766090c8a290afe16c4665a48
106,tmp/pdfs/units-001-019-visual/page-106.png,189153,eb3ef78c1f58744d859402194e716c141f74a108a1cb33f6d570abcebceb8603
107,tmp/pdfs/units-001-019-visual/page-107.png,148998,9aeb5c19e7af0c368a4e5ce0fe80e6e9b2aa7e17c69a5e48c8ba8e2fc52e6eca
108,tmp/pdfs/units-001-019-visual/page-108.png,145067,4503feb8e6d0f82422746a05c6433065af74c27f1672ba9b31ac40359824b9de
109,tmp/pdfs/units-001-019-visual/page-109.png,152970,b3ae9b2ee2799f748a9d71df550f369ce30cf1360fb49078cb5a5dcda66fad85
110,tmp/pdfs/units-001-019-visual/page-110.png,177259,e0de4f7356ac1a136aceca1439737a952fa52da52a28a52a38da770b4a948419
111,tmp/pdfs/units-001-019-visual/page-111.png,185621,54daf5e3ed111c477f90b7657da0243a9b1670bf4e8fca909bf059030ba622f6
112,tmp/pdfs/units-001-019-visual/page-112.png,199658,7e5f314fb6a753bbf1578c35c49527ea18957a48004240c367ea9e3807ee399a
113,tmp/pdfs/units-001-019-visual/page-113.png,214164,2e8cbf384543d085794c920554770c3cf4bbe5ce0ed2966a0689bbf459ea3391
114,tmp/pdfs/units-001-019-visual/page-114.png,273040,84098c0106fca263077209ffdd8c8dd0b05a93479c776076695d559fd3633834
115,tmp/pdfs/units-001-019-visual/page-115.png,202734,419c87e767f437ec802463fbd63442ff468f189d13cf1d99f9484081946dee6a
116,tmp/pdfs/units-001-019-visual/page-116.png,134027,06f3e3d1f30d30255de089a92dc5b3ebc60141638a0efa1d01195e449041d5b2
117,tmp/pdfs/units-001-019-visual/page-117.png,168937,eaa94a083657c4d830d2f46a9192aa18a8d40ec93f24a59900e89394f5385cce
118,tmp/pdfs/units-001-019-visual/page-118.png,232482,67cc8aa9cede99086d12b09efa5dd88c0f26ae9d874b3935a14cd8d036fa6cd7
119,tmp/pdfs/units-001-019-visual/page-119.png,205223,7b98202a764d2c1fed8f477e68a9be52a7e16b8a3245e562e77085cc5f348625
120,tmp/pdfs/units-001-019-visual/page-120.png,200484,ab7854655571e0a8c090c0081c35dc6a707911d1feae280ec9793ae427b276fa
121,tmp/pdfs/units-001-019-visual/page-121.png,216557,3996293e1781f4c18dde66faaf3ba61ba0090996b15eb623db57410243eb3614
122,tmp/pdfs/units-001-019-visual/page-122.png,199152,8d0f67aeb65addc148bec4db6b89ee5dc4587089c3b70ac9acb4bc01d53ea02e
123,tmp/pdfs/units-001-019-visual/page-123.png,184520,4604b71563d380add8270930ee6d586665db6909a312b56acee4dbffde445228
124,tmp/pdfs/units-001-019-visual/page-124.png,173897,a0de0d1b32b6a5cbc3512b461fd8273a121ccd0d80177308aa8b741e9042b9fb
125,tmp/pdfs/units-001-019-visual/page-125.png,309339,17f2472d75d70b3e7110613b2fbbb2a2776167d4eb02cf678c56063a917d67cb
126,tmp/pdfs/units-001-019-visual/page-126.png,223394,37bf4e8a654409de926010309864d125bd2e4a7e1f5acd6f5e46e500503fdcb4
127,tmp/pdfs/units-001-019-visual/page-127.png,179251,b07a5e6eda1220ea3a77e3bfd46300c1e0bede8103c6dbc4e14dccf33ff2eef6
128,tmp/pdfs/units-001-019-visual/page-128.png,216348,315130e25d23b8fd0504fe9089481ce02df7d244f10c44040725ea5c9013b5d8
129,tmp/pdfs/units-001-019-visual/page-129.png,204525,51a896cf0a84a2de69ec0eb00de6917e146df2e58c662bbe4a1cb500c4cc5346
130,tmp/pdfs/units-001-019-visual/page-130.png,185320,b9f4e3a6827849df68aa1dde5d3a4999506414bdcaf80529690bb07a6a953372
131,tmp/pdfs/units-001-019-visual/page-131.png,198821,6cf220954e26b99d6410cc8c6f410a47f891fec458657816984b27df833899a7
132,tmp/pdfs/units-001-019-visual/page-132.png,175687,f4dfad030201a6108f06d8503432af33e375d221430b69665dcd1943ab248a50
133,tmp/pdfs/units-001-019-visual/page-133.png,151657,d7f1267b5aec93852deebbce52c1da2098507a826252a662ad8ef9e9d1215a0f
134,tmp/pdfs/units-001-019-visual/page-134.png,183838,761383e182d88f1b1ce7a457d84697c553c105cc5cdc170d237b3da0c729fc62
135,tmp/pdfs/units-001-019-visual/page-135.png,160393,d1008d08f530992c8bdbb4a5b07aadb88e774607d0932f8df2627f89c1539969
136,tmp/pdfs/units-001-019-visual/page-136.png,201809,83d4b4340bc55f756020855e24f2e10e2523f213dc6ad533a5e1b5521b59665c
137,tmp/pdfs/units-001-019-visual/page-137.png,247203,ddf35ab6f4fe9a7dc4c93f8a8e58243368687a90d6a2b55fe7ac0816650ff4c3
138,tmp/pdfs/units-001-019-visual/page-138.png,180972,5feef1054984fd48a43e0122a788e0385c2b4039bc5b9bc5b21ae5ab137da9cb
139,tmp/pdfs/units-001-019-visual/page-139.png,264210,824230aff3805f8f5012b62eb50da477b3c33a84c71cf698877a253ab7cc671b
140,tmp/pdfs/units-001-019-visual/page-140.png,283434,7f7ffbddf243fc1a926929115414604ef3ab849bec7706303439295b1022d916
141,tmp/pdfs/units-001-019-visual/page-141.png,180990,072f559ea3975e9e5b8a7703828a952b87d4df8978c8545d9f5d0b8da21569bc
142,tmp/pdfs/units-001-019-visual/page-142.png,154459,72024b71d020d3011382ecd8da98ae27ac9cca975eefaaf4be4c74f2e9547f25
143,tmp/pdfs/units-001-019-visual/page-143.png,158385,94ea2feb36970f894b40b5406b79164b9f7a0edea93264706741c094aab94270
144,tmp/pdfs/units-001-019-visual/page-144.png,188668,6f77e42cad8eae04b13cbadda45d625896c5a2050befb347db11b05eda53c2f7
145,tmp/pdfs/units-001-019-visual/page-145.png,166546,46a8d3be247049fdf5130e8cc191afa62cd9a426bf2f11ca0863351f9c77da76
146,tmp/pdfs/units-001-019-visual/page-146.png,159678,1484ab95888a91fb21834845291ab63f24f896247d9112c86837c9bd8f62b120
147,tmp/pdfs/units-001-019-visual/page-147.png,243002,e80a3d3282c0c7da020c209d38dccb1cf8a850e7a34d331ef7d51c64a21e7785
148,tmp/pdfs/units-001-019-visual/page-148.png,174550,58196984fc1f8c18e25588e53c4d08b05a98681701c08f5c7a946cd4ddf78420
149,tmp/pdfs/units-001-019-visual/page-149.png,171873,4124a5734577a07af9cc26641c7e1695943147f6e4f0f9c3bd6a3d828ed7c264
150,tmp/pdfs/units-001-019-visual/page-150.png,196266,6a6a1c4cedb435860888f0ccc5d5e7d732e2f34fc5205923ebcd38bd0b751251
151,tmp/pdfs/units-001-019-visual/page-151.png,280658,5879fa251e4afb1c56a27e7c4ae8b3da60a2a09f54392e9b47701d21e6a8ce4e
152,tmp/pdfs/units-001-019-visual/page-152.png,160509,1f24b076050f272f26391fd426b660fb69194b86b4b839d35c3fe2b4be18ccd2
153,tmp/pdfs/units-001-019-visual/page-153.png,231356,89a5da9a9f99ac719983907e58d3e52652a7216b81b0f9faa9b8e243f6776bbf
154,tmp/pdfs/units-001-019-visual/page-154.png,156394,36ceb16c6d13cb98892e59b8f7907010a7d1dd19727b6fcfbae91ba3aca98009
155,tmp/pdfs/units-001-019-visual/page-155.png,175491,6e09d5e45b8b01d9e2ceb2cd2c669bcf2fa271b7f5fbdf8847267041402029c1
156,tmp/pdfs/units-001-019-visual/page-156.png,207152,e9c44054feb4d44f34683c1b9dbd1198be0dd383cd046b88504e97df8548be79
157,tmp/pdfs/units-001-019-visual/page-157.png,202715,6d5cd1dee72c920f503f841ec52d06b226f5f2bcc07739d940e96a2fb7d94700
158,tmp/pdfs/units-001-019-visual/page-158.png,258245,8e114e988169d7c5c303bba3621f7d3f424e0b381e1f9324b955af932c46ff4e
159,tmp/pdfs/units-001-019-visual/page-159.png,174116,971e6951622f29581091a3b98fc9b2db8051b4db7b05ff7aff12fb70115e546f
160,tmp/pdfs/units-001-019-visual/page-160.png,269745,ac33848424f071da96e0a4c502512fd189f05d0e6c1aa235bdc6cbd41aef43a7
161,tmp/pdfs/units-001-019-visual/page-161.png,274096,0b74371eedeb6b7a6f93d39a944446c1c1625198498a1044c071b0f1c4af8297
162,tmp/pdfs/units-001-019-visual/page-162.png,163709,2de4b6cccd5135079ec2a49cc8ed99a14efd819b8a8556f57b59eb6d0d264474
163,tmp/pdfs/units-001-019-visual/page-163.png,213504,5ee487ae18960ee2f8024de2ee6b92c1bdd67b305c345fed643f4604419e44f5
164,tmp/pdfs/units-001-019-visual/page-164.png,187339,221974e961e17c31e89a21335b7c761fbffca1615ba5ab5b9e66bd91a2c22b0a
165,tmp/pdfs/units-001-019-visual/page-165.png,212516,efa56734e15f3a3aa064a4bf2749d1a515179909ca5036a5408b30cdd33633f1
166,tmp/pdfs/units-001-019-visual/page-166.png,177386,210dd89854544e7ad1804bd97eb7a13baf1a477f56ca91ddd37f46366eac957d
167,tmp/pdfs/units-001-019-visual/page-167.png,161412,c5e69c44734f2bd9b82df7e8fc22dadec8b5a74fee14b828586d707d78a724c9
168,tmp/pdfs/units-001-019-visual/page-168.png,278547,9c2714da8cae548afa1628ca214c033a3673468dae7944383538db0cb31a8a5d
169,tmp/pdfs/units-001-019-visual/page-169.png,151662,be1be3ceb10ececaaa4361e24c9b8f81d171f67f1a6b026042601ca32ac738ac
170,tmp/pdfs/units-001-019-visual/page-170.png,277529,b6efe87f0b4b4d633f1517952cff116a4d9eb31cfe8e9ba97afdfb501c1f481c
171,tmp/pdfs/units-001-019-visual/page-171.png,211842,565533c9390f0a8856c6bfccfcf958f5660d4c50f79bd67c71e8a59e82d01748
172,tmp/pdfs/units-001-019-visual/page-172.png,252533,e428b64ed46ba4efa7643ab12c1c2463b0bf7430d7c02eadcf65bf69d3ed5277
173,tmp/pdfs/units-001-019-visual/page-173.png,198846,8ab2800d3ae74d92e4b2d759d61644a9351e6c706cc64af8110e9764e6f3c3c9
174,tmp/pdfs/units-001-019-visual/page-174.png,181286,75d440640e9111fe2fc044968fd2b71206cb6d304cf69574b974fa230faa29ee
175,tmp/pdfs/units-001-019-visual/page-175.png,213083,1a880954efa95c963d2ca003e463bf93b5af1c530d45f522ff35e789f17e0d84
176,tmp/pdfs/units-001-019-visual/page-176.png,162412,7dba381669715b8de34e21d05f043b3dde5bbcfda4d4ee2a87fe905710860aaf
177,tmp/pdfs/units-001-019-visual/page-177.png,164470,c6192b5520e98e2b77b781c97e09d1f012d76411d3629d21af4df6f31f64f16f
178,tmp/pdfs/units-001-019-visual/page-178.png,179752,8c4c2a50de5926b730e46067996acfa52a2d6784a4b9afc666a97573464ff883
179,tmp/pdfs/units-001-019-visual/page-179.png,242597,2d10841a88b87f31b0ebddbc638a45942efeaded1de9ef75ffa572458cc646f3
180,tmp/pdfs/units-001-019-visual/page-180.png,241532,11e8209914aff9f42c9a13a9bb278775c149ecc7a978e6887dea321825cfcba7
181,tmp/pdfs/units-001-019-visual/page-181.png,201126,05f6140229490be348912871604901a5b16350ca9a19af786a3bd70db1d4ff2d
182,tmp/pdfs/units-001-019-visual/page-182.png,242011,16f4a47a0e0d01856df94af8b27c2bbf1debce814b354069fc5446805aaedd09
183,tmp/pdfs/units-001-019-visual/page-183.png,265312,1c2d19421c8ae2abae18e447ecf41ad6d01050f82fb01657db7033a52b9aa672
184,tmp/pdfs/units-001-019-visual/page-184.png,150927,bbd2b9cf70c128396b738ad6d479fc30bf199ee77873fce85340729021b123b8
185,tmp/pdfs/units-001-019-visual/page-185.png,169366,455fdf1085885961d7e8d042e052bc15198334b714dea484c496612d7c83ec34
186,tmp/pdfs/units-001-019-visual/page-186.png,202654,2991b5a0e2263f81578ece6bdfd3ae164c63c0d1d721de3bcfe9bb31d6cf5f6f
187,tmp/pdfs/units-001-019-visual/page-187.png,184006,72e677b3df2b1eb3537e1cedffc3013a1f19531915eb3c6cd9be03281f5e2ed0
188,tmp/pdfs/units-001-019-visual/page-188.png,138878,9cc4ec31d416c363fc92a6ce17fed3bc6adc8db05b529aa8a4a91c394d2910ee
189,tmp/pdfs/units-001-019-visual/page-189.png,202381,e5d4059e6c0c33985a3c33d3df06de0bcd5e2ef135902a198e4ef126fea58942
190,tmp/pdfs/units-001-019-visual/page-190.png,117263,d65a7418d5c2404138eb095c7ad15a1dce91e8fc59500d650cd8bfeeb26db462
191,tmp/pdfs/units-001-019-visual/page-191.png,146136,5b5d714b2182c66fa64342e4bcaa9fe4cd36422729b7fc00fb83c9a32bb33a52
192,tmp/pdfs/units-001-019-visual/page-192.png,177553,0ffad0c649fac180eda6f7bc000655035ae3873237f57b7a9949563050a6c628
193,tmp/pdfs/units-001-019-visual/page-193.png,160707,3c0fc6351f802f6c005883a8b32673f1d8a36f9a1587d083af1f1f5b1e7da6ca
194,tmp/pdfs/units-001-019-visual/page-194.png,92758,7452526c8cbece3a7c5499795eb3803df530c4bb8bff97319005138948775d78
195,tmp/pdfs/units-001-019-visual/page-195.png,218152,ab1eaf4738c1c4c5d3d4c6bc0989a0dfa7d4b416ae2f2e6f5220b0051177e896
196,tmp/pdfs/units-001-019-visual/page-196.png,193340,7032b8e24b0f32651baade0b116338398dffdcbeda80d39f775fe4321f243720
197,tmp/pdfs/units-001-019-visual/page-197.png,186289,47707e6495879ff173c9d53f41341b41ac5f64c0dff92fe9de6448c243f046f8
198,tmp/pdfs/units-001-019-visual/page-198.png,174256,fa7ba7a4af9923c623dcf39e4f142561c17a7e7aa91e38c3afa33246ad5b1e12
199,tmp/pdfs/units-001-019-visual/page-199.png,213073,657fb50ed5c34a138ae881c8c4d036800cc3355e59c2197d01a5e1636f4373ea
200,tmp/pdfs/units-001-019-visual/page-200.png,169406,fa5e2397a0905973411246b62fe0b1ef6a3a4c766ea21f724df7002972b45bcc
201,tmp/pdfs/units-001-019-visual/page-201.png,250524,bbb959dfc54ea7b37afec95d74416ad1b7c3e1b3b3fa9325319f9238d4819387
202,tmp/pdfs/units-001-019-visual/page-202.png,208782,8e408ff7bfb5bc64660d35e47a0024a35f106ff1a50318e9151d3d1374f2eb13
203,tmp/pdfs/units-001-019-visual/page-203.png,164510,534a040e3964e108a2036ac2769e0066798f098404d4ff7fa1059bec07220ae9
204,tmp/pdfs/units-001-019-visual/page-204.png,226366,494d159f060da1f14cef80df38477290fbf2dc355dff7a35d9cb428d8c5aaed9
205,tmp/pdfs/units-001-019-visual/page-205.png,244158,2e90514aadbc9c1fc1256598d12e78021a49b6c3a464a61589cb84f2199b9f5f
206,tmp/pdfs/units-001-019-visual/page-206.png,196076,e5a31a2fdf467bb6fd9146949f55a423c41bd177ee19da62d8a7ade29b14175d
207,tmp/pdfs/units-001-019-visual/page-207.png,166100,9a5c9cf81ccce3b1f4fe7707698118298d858a66f7629070b596a71908e659ff
208,tmp/pdfs/units-001-019-visual/page-208.png,226315,35d6bdf32b74fc192b611c07ff2e59072aed7448e5783fe42a2d526a13efdd00
209,tmp/pdfs/units-001-019-visual/page-209.png,205875,05522fbd0c7d1ce7f63d9b1cd39972895b29d40f7096cf8a801acc00f4ce6179
210,tmp/pdfs/units-001-019-visual/page-210.png,192363,f777d1d9610508aff4aadccf73aa3cdb216d4a8dcfd823540b19084ea68b8bd8
211,tmp/pdfs/units-001-019-visual/page-211.png,190923,03242ec6840ef795d59585b44df78a6874c671b2bc94ca4fb1bbbda1ade82252
212,tmp/pdfs/units-001-019-visual/page-212.png,201333,05fef23e214259de3ef3a0b733b6e73d5e12783b86c3fe95cfbd8de3a8719d66
213,tmp/pdfs/units-001-019-visual/page-213.png,223728,b1b356c5b2672938035dfaa69e5250c5f4c9ad9592ca420db0f7e7dbfb363be9
214,tmp/pdfs/units-001-019-visual/page-214.png,217627,864ee4950b46daf91bf29e3ab2337a67c3859bdba8c9dd9bc653777132fe2ecc
215,tmp/pdfs/units-001-019-visual/page-215.png,234258,102c6f8f92855f2a134d63e6f357bb1e66c0f77cc7434fe4874d8ac3d1d716d9
216,tmp/pdfs/units-001-019-visual/page-216.png,174796,8c980eca9eae821d1aa8f4c0352c95ce9fca22acbc2e2596e113bd1c5375c812
217,tmp/pdfs/units-001-019-visual/page-217.png,232474,18beba676832ee81180deef30a20338f226579f0ec07667dbd2b5134429744c9
218,tmp/pdfs/units-001-019-visual/page-218.png,155623,cf00e1f2a9eb449db294483b317a430d166350f404c6b7cbaf19cdb5fda79efe
219,tmp/pdfs/units-001-019-visual/page-219.png,156137,47276dd3def00f4d393a63e201c7e4cbc5fdb8e740d76cc8d6de59944a5d6a65
220,tmp/pdfs/units-001-019-visual/page-220.png,175676,cdb8caf264ce1d9f8a0f5aef338b0e03cd2d8ed262cefc315af90c36cc937e73
221,tmp/pdfs/units-001-019-visual/page-221.png,106631,64a54231157fb2ef884cfa03268bb4c6ca9ec877e66e7ca3aac29c52d438b798
